_id,message,timestamp,username
61c1deb6543123e6a89dab08,Hola a todos,2021-12-21T14:03:34.204Z,kprado@gmail.com
61c1deb6543123e6a89dab09,¿cómo están?,2021-12-21T14:03:34.204Z,karina@gmail.com
61c1deb6543123e6a89dab0a,Holaaaa,2021-12-21T14:03:34.204Z,prado@gmail.com
61c1deb6543123e6a89dab0b,Genialllll,2021-12-21T14:03:34.204Z,soledad@gmail.com
61c1deb6543123e6a89dab0c,?????,2021-12-21T14:03:34.204Z,carlaperez@gmail.com
61c1deb6543123e6a89dab0d,yo bien :),2021-12-21T14:03:34.204Z,carlaperez@gmail.com
61c1deb6543123e6a89dab0e,Hola Carla,2021-12-21T14:03:34.204Z,karina@gmail.com
61c1deb6543123e6a89dab0f,"Buenassss, ¿terminaron el desafío?",2021-12-21T14:03:34.204Z,soledad@gmail.com
61c1deb6543123e6a89dab10,siiii,2021-12-21T14:03:34.204Z,prado@gmail.com
61c1deb6543123e6a89dab11,ayudaaaaa,2021-12-21T14:03:34.204Z,soledad@gmail.com