[{
  "_id": {
    "$oid": "61c1deb6543123e6a89dab08"
  },
  "username": "kprado@gmail.com",
  "message": "Hola a todos",
  "timestamp": {
    "$date": "2021-12-21T14:03:34.204Z"
  }
},{
  "_id": {
    "$oid": "61c1deb6543123e6a89dab09"
  },
  "username": "karina@gmail.com",
  "message": "¿cómo están?",
  "timestamp": {
    "$date": "2021-12-21T14:03:34.204Z"
  }
},{
  "_id": {
    "$oid": "61c1deb6543123e6a89dab0a"
  },
  "username": "prado@gmail.com",
  "message": "Holaaaa",
  "timestamp": {
    "$date": "2021-12-21T14:03:34.204Z"
  }
},{
  "_id": {
    "$oid": "61c1deb6543123e6a89dab0b"
  },
  "username": "soledad@gmail.com",
  "message": "Genialllll",
  "timestamp": {
    "$date": "2021-12-21T14:03:34.204Z"
  }
},{
  "_id": {
    "$oid": "61c1deb6543123e6a89dab0c"
  },
  "username": "carlaperez@gmail.com",
  "message": "?????",
  "timestamp": {
    "$date": "2021-12-21T14:03:34.204Z"
  }
},{
  "_id": {
    "$oid": "61c1deb6543123e6a89dab0d"
  },
  "username": "carlaperez@gmail.com",
  "message": "yo bien :)",
  "timestamp": {
    "$date": "2021-12-21T14:03:34.204Z"
  }
},{
  "_id": {
    "$oid": "61c1deb6543123e6a89dab0e"
  },
  "username": "karina@gmail.com",
  "message": "Hola Carla",
  "timestamp": {
    "$date": "2021-12-21T14:03:34.204Z"
  }
},{
  "_id": {
    "$oid": "61c1deb6543123e6a89dab0f"
  },
  "username": "soledad@gmail.com",
  "message": "Buenassss, ¿terminaron el desafío?",
  "timestamp": {
    "$date": "2021-12-21T14:03:34.204Z"
  }
},{
  "_id": {
    "$oid": "61c1deb6543123e6a89dab10"
  },
  "username": "prado@gmail.com",
  "message": "siiii",
  "timestamp": {
    "$date": "2021-12-21T14:03:34.204Z"
  }
},{
  "_id": {
    "$oid": "61c1deb6543123e6a89dab11"
  },
  "username": "soledad@gmail.com",
  "message": "ayudaaaaa",
  "timestamp": {
    "$date": "2021-12-21T14:03:34.204Z"
  }
}]