[{
  "_id": {
    "$oid": "61c15837d3d848315589898c"
  },
  "name": "Macbook Pro",
  "description": "High quality",
  "price": 4900,
  "thumbnail": "https://tiendasishop.com/media/catalog/product/m/w/mwp42e_a.jpg?optimize=high&bg-color=255,255,255&fit=bounds&height=700&width=700&canvas=700:700",
  "codigo": "001",
  "stock": 0,
  "timestamp": {
    "$date": "2021-12-21T04:29:43.120Z"
  }
},{
  "_id": {
    "$oid": "61c15837d3d848315589898d"
  },
  "name": "Ipad Pro",
  "description": "High quality",
  "price": 2500,
  "thumbnail": "https://tiendasishop.com/media/catalog/product/m/w/mwp42e_a.jpg?optimize=high&bg-color=255,255,255&fit=bounds&height=700&width=700&canvas=700:700",
  "codigo": "002",
  "stock": 120,
  "timestamp": {
    "$date": "2021-12-21T04:29:43.120Z"
  }
},{
  "_id": {
    "$oid": "61c15837d3d8483155898991"
  },
  "name": "Laptop Asus",
  "description": "High quality",
  "price": 2800,
  "thumbnail": "https://tiendasishop.com/media/catalog/product/m/w/mwp42e_a.jpg?optimize=high&bg-color=255,255,255&fit=bounds&height=700&width=700&canvas=700:700",
  "codigo": "006",
  "stock": 115,
  "timestamp": {
    "$date": "2021-12-21T04:29:43.120Z"
  }
},{
  "_id": {
    "$oid": "61c15837d3d8483155898992"
  },
  "name": "Tablet",
  "description": "High quality",
  "price": 1500,
  "thumbnail": "https://tiendasishop.com/media/catalog/product/m/w/mwp42e_a.jpg?optimize=high&bg-color=255,255,255&fit=bounds&height=700&width=700&canvas=700:700",
  "codigo": "007",
  "stock": 120,
  "timestamp": {
    "$date": "2021-12-21T04:29:43.120Z"
  }
},{
  "_id": {
    "$oid": "61c15837d3d8483155898993"
  },
  "name": "Iphone 12 Pro",
  "description": "High quality",
  "price": 3500,
  "thumbnail": "https://tiendasishop.com/media/catalog/product/m/w/mwp42e_a.jpg?optimize=high&bg-color=255,255,255&fit=bounds&height=700&width=700&canvas=700:700",
  "codigo": "008",
  "stock": 115,
  "timestamp": {
    "$date": "2021-12-21T04:29:43.120Z"
  }
},{
  "_id": {
    "$oid": "61c15837d3d8483155898994"
  },
  "name": "Samsung S21",
  "description": "High quality",
  "price": 2800,
  "thumbnail": "https://tiendasishop.com/media/catalog/product/m/w/mwp42e_a.jpg?optimize=high&bg-color=255,255,255&fit=bounds&height=700&width=700&canvas=700:700",
  "codigo": "009",
  "stock": 110,
  "timestamp": {
    "$date": "2021-12-21T04:29:43.120Z"
  }
},{
  "_id": {
    "$oid": "61c15837d3d8483155898995"
  },
  "name": "Iphone 12 Pro max",
  "description": "High quality",
  "price": 3800,
  "thumbnail": "https://tiendasishop.com/media/catalog/product/m/w/mwp42e_a.jpg?optimize=high&bg-color=255,255,255&fit=bounds&height=700&width=700&canvas=700:700",
  "codigo": "010",
  "stock": 115,
  "timestamp": {
    "$date": "2021-12-21T04:29:43.120Z"
  }
},{
  "_id": {
    "$oid": "61c1faca379f4d8888201d88"
  },
  "name": "Laptops asus",
  "description": "High quality",
  "price": 2900,
  "thumbnail": "https://tiendasishop.com/media/catalog/product/m/w/mwp42e_a.jpg?optimize=high&bg-color=255,255,255&fit=bounds&height=700&width=700&canvas=700:700",
  "codigo": "011",
  "stock": 120,
  "timestamp": {
    "$date": "2021-12-21T16:03:22.088Z"
  }
}]