_id,codigo,description,name,price,stock,thumbnail,timestamp
61c15837d3d848315589898c,001,High quality,Macbook Pro,4900,0,"https://tiendasishop.com/media/catalog/product/m/w/mwp42e_a.jpg?optimize=high&bg-color=255,255,255&fit=bounds&height=700&width=700&canvas=700:700",2021-12-21T04:29:43.120Z
61c15837d3d848315589898d,002,High quality,Ipad Pro,2500,120,"https://tiendasishop.com/media/catalog/product/m/w/mwp42e_a.jpg?optimize=high&bg-color=255,255,255&fit=bounds&height=700&width=700&canvas=700:700",2021-12-21T04:29:43.120Z
61c15837d3d8483155898991,006,High quality,Laptop Asus,2800,115,"https://tiendasishop.com/media/catalog/product/m/w/mwp42e_a.jpg?optimize=high&bg-color=255,255,255&fit=bounds&height=700&width=700&canvas=700:700",2021-12-21T04:29:43.120Z
61c15837d3d8483155898992,007,High quality,Tablet,1500,120,"https://tiendasishop.com/media/catalog/product/m/w/mwp42e_a.jpg?optimize=high&bg-color=255,255,255&fit=bounds&height=700&width=700&canvas=700:700",2021-12-21T04:29:43.120Z
61c15837d3d8483155898993,008,High quality,Iphone 12 Pro,3500,115,"https://tiendasishop.com/media/catalog/product/m/w/mwp42e_a.jpg?optimize=high&bg-color=255,255,255&fit=bounds&height=700&width=700&canvas=700:700",2021-12-21T04:29:43.120Z
61c15837d3d8483155898994,009,High quality,Samsung S21,2800,110,"https://tiendasishop.com/media/catalog/product/m/w/mwp42e_a.jpg?optimize=high&bg-color=255,255,255&fit=bounds&height=700&width=700&canvas=700:700",2021-12-21T04:29:43.120Z
61c15837d3d8483155898995,010,High quality,Iphone 12 Pro max,3800,115,"https://tiendasishop.com/media/catalog/product/m/w/mwp42e_a.jpg?optimize=high&bg-color=255,255,255&fit=bounds&height=700&width=700&canvas=700:700",2021-12-21T04:29:43.120Z
61c1faca379f4d8888201d88,011,High quality,Laptops asus,2900,120,"https://tiendasishop.com/media/catalog/product/m/w/mwp42e_a.jpg?optimize=high&bg-color=255,255,255&fit=bounds&height=700&width=700&canvas=700:700",2021-12-21T16:03:22.088Z